REGION	POS	REF	ALT	REF_DP	REF_RV	REF_QUAL	ALT_DP	ALT_RV	ALT_QUAL	ALT_FREQ	TOTAL_DP	PVAL	PASS	GFF_FEATURE	REF_CODON	REF_AA	ALT_CODON	ALT_AA	POS_AA
MN908947.3	3037	C	T	0	0	0	430	196	35	1	430	7.50867e-267	TRUE	NA	NA	NA	NA	NA	NA
MN908947.3	3457	C	T	0	0	0	680	546	36	1	680	0	TRUE	NA	NA	NA	NA	NA	NA
MN908947.3	3987	C	T	0	0	0	245	124	35	1	245	4.83629e-150	TRUE	NA	NA	NA	NA	NA	NA
MN908947.3	4965	C	T	0	0	0	725	725	36	1	725	0	TRUE	NA	NA	NA	NA	NA	NA
MN908947.3	11201	A	G	0	0	0	3602	1747	36	1	3602	0	TRUE	NA	NA	NA	NA	NA	NA
MN908947.3	14408	C	T	0	0	0	101	45	35	1	101	3.51047e-63	TRUE	NA	NA	NA	NA	NA	NA
MN908947.3	16852	G	T	0	0	0	1761	0	36	1	1761	0	TRUE	NA	NA	NA	NA	NA	NA
MN908947.3	17523	G	T	0	0	0	1405	0	36	1	1405	0	TRUE	NA	NA	NA	NA	NA	NA
MN908947.3	18210	G	T	0	0	0	815	815	36	1	815	0	TRUE	NA	NA	NA	NA	NA	NA
MN908947.3	20396	A	G	0	0	0	745	745	35	1	745	0	TRUE	NA	NA	NA	NA	NA	NA
MN908947.3	20401	T	G	0	0	0	738	738	35	0.998647	739	0	TRUE	NA	NA	NA	NA	NA	NA
MN908947.3	21846	C	T	0	0	0	64	25	35	1	64	1.45994e-39	TRUE	NA	NA	NA	NA	NA	NA
MN908947.3	21895	T	C	0	0	0	39	39	36	1	39	7.34834e-23	TRUE	NA	NA	NA	NA	NA	NA
MN908947.3	21987	G	A	0	0	0	38	38	36	1	38	1.45083e-22	TRUE	NA	NA	NA	NA	NA	NA
MN908947.3	22022	G	A	0	0	0	40	0	36	1	40	1.86034e-23	TRUE	NA	NA	NA	NA	NA	NA
MN908947.3	22917	T	G	0	0	0	280	0	36	1	280	7.86231e-168	TRUE	NA	NA	NA	NA	NA	NA
MN908947.3	23012	G	C	0	0	0	274	0	36	1	274	4.02574e-165	TRUE	NA	NA	NA	NA	NA	NA
MN908947.3	23403	A	G	0	0	0	399	399	36	1	399	4.24904e-239	TRUE	NA	NA	NA	NA	NA	NA
MN908947.3	23604	C	G	0	0	0	1142	0	36	1	1142	0	TRUE	NA	NA	NA	NA	NA	NA
MN908947.3	24775	A	T	0	0	0	2853	0	36	1	2853	0	TRUE	NA	NA	NA	NA	NA	NA
MN908947.3	25469	C	T	1	0	25	4979	0	36	0.999799	4980	0	TRUE	NA	NA	NA	NA	NA	NA
MN908947.3	26681	C	T	0	0	0	758	0	36	1	758	0	TRUE	NA	NA	NA	NA	NA	NA
MN908947.3	26767	T	G	1	1	37	767	767	36	0.998698	768	0	TRUE	NA	NA	NA	NA	NA	NA
MN908947.3	27638	T	C	0	0	0	1324	0	36	1	1324	0	TRUE	NA	NA	NA	NA	NA	NA
MN908947.3	28270	T	-A	7805	3788	35	7983	0	20	0.999499	7987	0	TRUE	NA	NA	NA	NA	NA	NA
MN908947.3	28881	G	T	0	0	0	227	110	35	1	227	1.23625e-138	TRUE	NA	NA	NA	NA	NA	NA
MN908947.3	29402	G	T	1	0	37	333	0	36	0.997006	334	5.68999e-199	TRUE	NA	NA	NA	NA	NA	NA
MN908947.3	29742	G	T	0	0	0	472	472	36	1	472	8.22349e-285	TRUE	NA	NA	NA	NA	NA	NA
