REGION	POS	REF	ALT	REF_DP	REF_RV	REF_QUAL	ALT_DP	ALT_RV	ALT_QUAL	ALT_FREQ	TOTAL_DP	PVAL	PASS	GFF_FEATURE	REF_CODON	REF_AA	ALT_CODON	ALT_AA	POS_AA
MN908947.3	100	C	T	1	0	38	903	1	37	0.998894	904	0	TRUE	NA	NA	NA	NA	NA	NA
MN908947.3	241	C	T	0	0	0	1794	897	37	1	1794	0	TRUE	NA	NA	NA	NA	NA	NA
MN908947.3	3037	C	T	0	0	0	667	334	37	1	667	0	TRUE	NA	NA	NA	NA	NA	NA
MN908947.3	3766	T	C	0	0	0	1350	1348	37	1	1350	0	TRUE	NA	NA	NA	NA	NA	NA
MN908947.3	6347	C	T	0	0	0	331	165	37	1	331	1.68576e-198	TRUE	NA	NA	NA	NA	NA	NA
MN908947.3	10667	T	G	1	0	38	323	320	37	0.996914	324	1.77073e-191	TRUE	NA	NA	NA	NA	NA	NA
MN908947.3	11824	C	T	0	0	0	402	379	37	1	402	6.66402e-241	TRUE	NA	NA	NA	NA	NA	NA
MN908947.3	12053	C	T	0	0	0	1297	641	37	1	1297	0	TRUE	NA	NA	NA	NA	NA	NA
MN908947.3	12964	A	G	0	0	0	555	536	37	1	555	0	TRUE	NA	NA	NA	NA	NA	NA
MN908947.3	13647	C	T	1	0	24	920	37	37	0.997831	922	0	TRUE	NA	NA	NA	NA	NA	NA
MN908947.3	14408	C	T	0	0	0	1107	553	37	1	1107	0	TRUE	NA	NA	NA	NA	NA	NA
MN908947.3	20762	C	T	0	0	0	183	181	37	1	183	4.02341e-110	TRUE	NA	NA	NA	NA	NA	NA
MN908947.3	23012	G	A	0	0	0	710	355	37	1	710	0	TRUE	NA	NA	NA	NA	NA	NA
MN908947.3	23403	A	G	0	0	0	932	928	37	0.998928	933	0	TRUE	NA	NA	NA	NA	NA	NA
MN908947.3	25088	G	T	0	0	0	541	18	37	1	541	0	TRUE	NA	NA	NA	NA	NA	NA
MN908947.3	28253	C	T	16	8	37	2133	1066	37	0.992555	2149	0	TRUE	NA	NA	NA	NA	NA	NA
MN908947.3	28628	G	T	0	0	0	863	434	37	1	863	0	TRUE	NA	NA	NA	NA	NA	NA
MN908947.3	28881	G	A	0	0	0	2206	1109	37	0.999547	2207	0	TRUE	NA	NA	NA	NA	NA	NA
MN908947.3	28882	G	A	0	0	0	2202	1105	37	1	2202	0	TRUE	NA	NA	NA	NA	NA	NA
MN908947.3	28883	G	C	0	0	0	2212	1111	37	1	2212	0	TRUE	NA	NA	NA	NA	NA	NA
MN908947.3	28975	G	T	0	0	0	1127	1124	37	1	1127	0	TRUE	NA	NA	NA	NA	NA	NA
MN908947.3	29754	C	T	0	0	0	413	410	37	1	413	1.6104e-247	TRUE	NA	NA	NA	NA	NA	NA
